GROUP	MIN	Q25	MEDIAN	Q75	MAX	IQR	OUTLIERS_LOW	OUTLIERS_HIGH	SUBSAMPLE
missing genotypes	0	0.003774	0.015094	0.026415	0.74717	0.022641	0	0.06037650000000001	1
heterozygosity	0.087452	0.166038	0.193182	0.228845	0.30566	0.062807	0.087452	0.30566	1
total coverage	860	5797.5	9385	11443.5	13608	5646	860	13608	1
mean coverage	3	22	35	43	51	21	3	51	1
